<?xml version="1.0" encoding="UTF-8"?>
<extentreports>
    <configuration>
        <!-- report theme -->
        <!-- standard, dark -->
        <theme>standard</theme>
    
        <!-- document encoding -->
        <!-- defaults to UTF-8 -->
        <encoding>UTF-8</encoding>
        
        <!-- protocol for script and stylesheets -->
        <!-- defaults to https -->
        <protocol>https</protocol>
        
        <!-- title of the document -->
        <documentTitle>Automation Testing Report</documentTitle>
        
        <!-- report name - displayed at top-nav -->
        <reportName>Mahmayi</reportName>
        
        <dateFormat>DD-MM-YYYY</dateFormat>
        <timeFormat>HH:mm:ss</timeFormat>
        
           <!-- enable or disable timeline on dashboard -->
        <enableTimeline>true</enableTimeline>
        
        <!-- location of charts in the test view -->
        <!-- top, bottom -->
        <testViewChartLocation>top</testViewChartLocation>
        
		<!-- settings to enable/disable views -->
		<!-- professional version only -->
		<enableCategoryView>true</enableCategoryView>
		<enableAuthorView>false</enableAuthorView>
		<enableExceptionView>true</enableExceptionView>
		<enableTestRunnerLogsView>true</enableTestRunnerLogsView>
		
        <!-- custom javascript -->
        <scripts>
            <![CDATA[
                $(document).ready(function() {
                    
                });
            ]]>
        </scripts>
        
        <!-- custom styles -->
        <styles>
            <![CDATA[
                
            ]]>
        </styles>
    </configuration>
</extentreports>