<?xml version="1.0" encoding="UTF-8"?>
<!DOCTYPE suite SYSTEM "http://testng.org/testng-1.0.dtd">
<suite name="Suite Mahmayi">

	<listeners>
		<listener class-name="listeners.MyListener"></listener>
	</listeners>

	<test name="Mahmayi" preserve-order="true">
		<classes>


			<!-- <class name="testcases.LoginPageTest" />  -->
			
			<!-- <class name="testcases.LogoutPageTest" /> -->
			
			<!-- <class name="testcases.NewsletterPageTest" /> -->

			<!-- <class name="testcases.CategoryPageLoginTest" /> -->

			<class name="testcases.WishlistTest" />

			<!-- <class name="testcases.MyAccountTest" /> -->

			<!-- <class name="testcases.MyCartPageTest" /> -->
			
			<!-- <class name="testcases.SearchPageTest" /> -->
			
			<!-- <class name="testcases.Infinitescroll" /> -->

		</classes>
	</test> <!-- Test -->
</suite> <!-- Suite -->
